Phase,Task ID,Task Name,Description,Priority,Estimated Effort,Deliverables
Phase 1: EDA & Setup,1.1,Environment Verification,"Verify GPU availability and install dependencies (pydicom, monai, timm, albumentations, pandas, openpyxl).",High,2 Hours,Functional virtual environment with all required scientific libraries.
Phase 1: EDA & Setup,1.2,CSV Data Profiling,"Analyze train.csv and train_series.csv to map unique study-to-series UIDs, check missing labels, and profile report languages.",High,3 Hours,Detailed EDA notebook with language distribution and label frequency stats.
Phase 1: EDA & Setup,1.3,DICOM Image Inspection,"Load sample DICOM images, check metadata (pixel spacing, orientation, manufacturer), and analyze slice dimensions/counts.",Medium,4 Hours,"Visualizations of slices along Sagittal, Coronal, and Axial planes."
Phase 2: Report Parsing,2.1,Multilingual Lexicon Creation,"Gather clinical terms for the 12 target abnormalities across English, Spanish, Dutch, German, Turkish, Greek, and French.",High,4 Hours,A dictionary mapping target classes to multilingual keywords.
Phase 2: Report Parsing,2.2,Negation Check Parser,"Build regex/NLP patterns to handle negation structures (e.g., 'no tear', 'efüzyon izlenmedi') across different languages.",High,6 Hours,Python NLP utility class that parses text and outputs class detection flags.
Phase 2: Report Parsing,2.3,Pseudo-Label Generation,"Apply parser to 4,349 unlabeled reports. Validate parser accuracy on the 58 ground-truth studies to compute precision/recall.",High,6 Hours,A generated CSV containing pseudo-labels / soft targets for all training studies.
Phase 3: Image Processing,3.1,DICOM Reader & Windowing,"Implement DICOM pixel loading, rescale intercept/slope, and apply windowing/clipping to standardize contrast.",High,6 Hours,Preprocessed raw array loader supporting min-max scaling.
Phase 3: Image Processing,3.2,3D Resizing & Interpolation,"Standardize slice thickness and resize/interpolate MRI series to a uniform size (e.g., 32 x 256 x 256).",High,6 Hours,Function to resample volumes to consistent dimensions.
Phase 3: Image Processing,3.3,Plane Grouping & Pipeline,"Group input scans by Anatomical Plane (Axial, Coronal, Sagittal) and write a PyTorch Dataset class.",High,8 Hours,PyTorch Dataset loader returning processed multi-view tensors.
Phase 4: Model Architecture,4.1,2.5D Slice Encoder,"Create a feature extraction encoder using a pretrained 2D CNN (e.g., EfficientNet-B4 or ConvNeXt) from the timm library.",High,6 Hours,Feature extractor neural net modules.
Phase 4: Model Architecture,4.2,Sequence Aggregator,"Implement aggregation blocks (Global Pooling, GRU, or a Transformer Encoder) to merge slice-level features.",High,8 Hours,Aggregated 3D spatial classification model.
Phase 4: Model Architecture,4.3,View Fusion Design,"Combine predictions from Axial, Coronal, and Sagittal branches into a unified 12-class prediction head.",Medium,6 Hours,Multi-view classification network model.
Phase 5: CV & Loss Strategy,5.1,Validation Split Setup,Set aside a hold-out test split of 20-30 ground-truth studies. Use GroupKFold (grouped by patient/study) on remaining data.,High,4 Hours,Cross-validation index list mapped in train.csv.
Phase 5: CV & Loss Strategy,5.2,Soft-Label Loss Function,"Implement a BCE loss function optimized for soft/pseudo labels, with positive class weight scaling.",High,4 Hours,Custom PyTorch Loss module handles soft probability targets.
Phase 6: Model Training,6.1,3D Augmentation,"Implement 3D random rotations, flips, elastic transforms, and intensity shifts using albumentations/MONAI.",High,6 Hours,Robust train data augmentation pipeline.
Phase 6: Model Training,6.2,Baseline View Training,Train individual models on Sagittal and Coronal views. Track validation macro-AUC on the 58 ground-truth labels.,High,12 Hours,Weights of baseline Sagittal/Coronal model checkpoints.
Phase 6: Model Training,6.3,Hyperparameter Tuning,"Tune learning rate, weight decay, and dropout. Evaluate performance improvement using validation ROC curves.",Medium,10 Hours,Optimized model checkpoints with improved macro-AUC scores.
Phase 7: Inference & Submit,7.1,View Ensembling,"Aggregate prediction logits from Axial, Coronal, and Sagittal models using a weighted average or meta-classifier.",High,6 Hours,Ensembled predictions maximizing validation AUC.
Phase 7: Inference & Submit,7.2,Submission Notebook,Develop an offline-compliant Kaggle submission script. Include package wheel uploads and quick run checks.,High,6 Hours,Functional Kaggle-ready submission file conforming to sample_submission.csv format.
